{
  "version": 1,
  "author": "Zoul BONI",
  "editor": "wokwi",
  "parts": [
    { "type": "wokwi-breadboard", "id": "bb1", "top": 64.2, "left": -150.8, "attrs": {} },
    { "type": "board-esp32-devkit-c-v4", "id": "esp", "top": -67.2, "left": -292.76, "attrs": {} },
    { "type": "wokwi-dht22", "id": "dht1", "top": -86.1, "left": -91.8, "attrs": {} },
    {
      "type": "wokwi-slide-potentiometer",
      "id": "pot1",
      "top": -52.6,
      "left": 171.8,
      "attrs": { "travelLength": "30" }
    },
    { "type": "wokwi-potentiometer", "id": "pot2", "top": -78.1, "left": 19, "attrs": {} }
  ],
  "connections": [
    [ "esp:TX", "$serialMonitor:RX", "", [] ],
    [ "esp:RX", "$serialMonitor:TX", "", [] ],
    [ "esp:5V", "bb1:bp.2", "red", [ "h-19.05", "v115.2", "h0", "v-28.8", "h0", "v28.8" ] ],
    [ "esp:GND.3", "bb1:bn.3", "black", [ "h28.8", "v278.4", "h0", "v0", "h0" ] ],
    [ "dht1:VCC", "bb1:bp.4", "red", [ "v220.8" ] ],
    [ "dht1:SDA", "esp:15", "green", [ "v76.8", "h-124.7" ] ],
    [ "dht1:GND", "bb1:bn.5", "black", [ "v230.4", "h-19.2" ] ],
    [ "pot2:GND", "bb1:bn.15", "black", [ "v259.2" ] ],
    [ "pot2:VCC", "bb1:bp.10", "red", [ "v230.4", "h-77.6", "v19.2" ] ],
    [ "pot2:SIG", "esp:34", "green", [ "v0", "h-346" ] ],
    [ "pot1:SIG", "esp:35", "green", [ "h-307.2", "v-0.8", "h0", "v0", "h0" ] ],
    [ "pot1:VCC", "bb1:bp.18", "red", [ "h-86.4", "v249.6" ] ],
    [ "pot1:GND", "bb1:bn.16", "black", [ "v230.4", "h-311.6", "v28.8" ] ]
  ],
  "dependencies": {}
}